Quarter,Mean_Income,Median_Income,Std_Dev,Q1_25th,Q3_75th,Min,Max,N
Q2 2024 (Apr-Jun),106284.40358138537,75000.0,105493.92548614381,35792.4,138504.6,15.2,879590.4,4663
Q3 2024 (Jul-Sep),107217.53245652175,75000.0,105933.53956641581,36000.0,140000.0,10.0,963420.0,4600
Q4 2024 (Oct-Dec),106440.0997820876,74447.8,104587.01241052656,36360.0,140000.0,1.0,935798.5,4589
